{
  "title": "WOD20th Compendium",
  "description": "<p>WOD20th Compendium</p>",
  "id": "WOD20th-Compendium",
  "version": "0.0.3",
  "authors": [
    {
      "name": "Khaos Farbauti Ibn Oblivion",
      "email": "propserv@hotmail.com",
      "flags": {}
    }
  ],
  "packs": [
    {
      "name": "combat-wod",
      "label": "Combat WOD",
      "path": "packs/combat-wod",
      "type": "Item",
      "system": "worldofdarkness",
      "ownership": {
        "PLAYER": "OBSERVER",
        "ASSISTANT": "OWNER"
      }
    },
    {
      "name": "xp",
      "label": "XP",
      "path": "packs/xp",
      "type": "Item",
      "system": "worldofdarkness",
      "ownership": {
        "PLAYER": "OBSERVER",
        "ASSISTANT": "OWNER"
      }
    },
    {
      "name": "bestaire",
      "label": "Bestiaire",
      "path": "packs/bestiaire",
      "type": "Actor",
      "system": "worldofdarkness",
      "ownership": {
        "PLAYER": "OBSERVER",
        "ASSISTANT": "OWNER"
      }
    }
  ],
  "compatibility": {
    "minimum": "12",
    "verified": "13.336"
  },
  "url": "file:///E:/git/WOD20th-Compendium/",
  "manifest": "file:///E:/git/WOD20th-Compendium/module.json",
  "download": "file:///E:/git/WOD20th-Compendium/module.zip",
  "flags": {}
}